"member_casual","ride_minutes"
"casual","20.4140913490641389"
"member","12.2783959143312471"
